{
    "root_group": {
        "id": "d41d8cd98f00b204e9800998ecf8427e",
        "groups": {},
        "checks": {
                "creator detail smoke returns 200": {
                    "id": "5fcb29493f667991a7c97790db1559e6",
                    "passes": 44,
                    "fails": 0,
                    "name": "creator detail smoke returns 200",
                    "path": "::creator detail smoke returns 200"
                }
            },
        "name": "",
        "path": ""
    },
    "metrics": {
        "vus_max": {
            "max": 5,
            "value": 5,
            "min": 5
        },
        "http_req_blocked": {
            "med": 0.001,
            "max": 180.727,
            "p(90)": 80.4856000000001,
            "p(95)": 146.14634999999996,
            "avg": 16.55513636363635,
            "min": 0
        },
        "http_req_sending": {
            "p(95)": 0.31834999999999997,
            "avg": 0.16088636363636363,
            "min": 0.054,
            "med": 0.111,
            "max": 1.307,
            "p(90)": 0.2831
        },
        "vus": {
            "value": 2,
            "min": 0,
            "max": 5
        },
        "http_req_connecting": {
            "med": 0,
            "max": 64.669,
            "p(90)": 20.480600000000027,
            "p(95)": 48.07469999999999,
            "avg": 5.462454545454546,
            "min": 0
        },
        "checks": {
            "fails": 0,
            "passes": 44,
            "value": 1
        },
        "iteration_duration": {
            "avg": 1581.0269488181816,
            "min": 1405.709417,
            "med": 1589.3907709999999,
            "max": 1863.881917,
            "p(90)": 1718.1881581,
            "p(95)": 1787.5577438
        },
        "http_reqs": {
            "count": 44,
            "rate": 1.4458057143367868
        },
        "http_req_duration": {
            "p(95)": 719.0468,
            "avg": 563.3689090909091,
            "min": 388.466,
            "med": 519.874,
            "max": 787.715,
            "p(90)": 706.3602999999999,
            "thresholds": {
                "p(95)<1000": false
            }
        },
        "http_req_duration{expected_response:true}": {
            "avg": 563.3689090909091,
            "min": 388.466,
            "med": 519.874,
            "max": 787.715,
            "p(90)": 706.3602999999999,
            "p(95)": 719.0468
        },
        "http_req_waiting": {
            "p(90)": 365.147,
            "p(95)": 371.8008,
            "avg": 342.7621590909091,
            "min": 308.301,
            "med": 339.826,
            "max": 444.2
        },
        "data_sent": {
            "rate": 1110.5759439353346,
            "count": 33798
        },
        "http_req_receiving": {
            "avg": 220.4458636363636,
            "min": 64.175,
            "med": 168.107,
            "max": 436.391,
            "p(90)": 356.98290000000003,
            "p(95)": 370.8126
        },
        "http_req_tls_handshaking": {
            "avg": 10.76565909090909,
            "min": 0,
            "med": 0,
            "max": 115.856,
            "p(90)": 58.39960000000008,
            "p(95)": 86.7623
        },
        "iterations": {
            "count": 44,
            "rate": 1.4458057143367868
        },
        "http_req_failed": {
            "fails": 44,
            "passes": 0,
            "thresholds": {
                "rate<0.01": false
            },
            "value": 0
        },
        "data_received": {
            "count": 7605425,
            "rate": 249908.33920363314
        }
    }
}