{
    "root_group": {
        "name": "",
        "path": "",
        "id": "d41d8cd98f00b204e9800998ecf8427e",
        "groups": {},
        "checks": {
                "listing newest smoke returns 200": {
                    "fails": 0,
                    "name": "listing newest smoke returns 200",
                    "path": "::listing newest smoke returns 200",
                    "id": "e911d3bbbbab639702d47ed4a31c6f15",
                    "passes": 43
                }
            }
    },
    "metrics": {
        "http_req_receiving": {
            "min": 123.323,
            "med": 248.327,
            "max": 434.422,
            "p(90)": 355.9014,
            "p(95)": 367.50899999999996,
            "avg": 235.96741860465113
        },
        "vus_max": {
            "max": 5,
            "value": 5,
            "min": 5
        },
        "http_req_duration": {
            "avg": 581.3546511627908,
            "min": 454.976,
            "med": 610.625,
            "max": 766.519,
            "p(90)": 683.5674,
            "p(95)": 727.1933999999999,
            "thresholds": {
                "p(95)<900": false
            }
        },
        "http_req_sending": {
            "p(90)": 0.3292,
            "p(95)": 0.9046999999999992,
            "avg": 1.1664651162790696,
            "min": 0.051,
            "med": 0.124,
            "max": 23.154
        },
        "vus": {
            "value": 1,
            "min": 0,
            "max": 5
        },
        "http_reqs": {
            "count": 43,
            "rate": 1.4225906871787923
        },
        "http_req_failed": {
            "passes": 0,
            "fails": 43,
            "thresholds": {
                "rate<0.01": false
            },
            "value": 0
        },
        "iterations": {
            "count": 43,
            "rate": 1.4225906871787923
        },
        "data_received": {
            "count": 10122991,
            "rate": 334904.01681383094
        },
        "checks": {
            "passes": 43,
            "fails": 0,
            "value": 1
        },
        "http_req_tls_handshaking": {
            "p(90)": 63.22560000000007,
            "p(95)": 86.53179999999999,
            "avg": 11.253255813953489,
            "min": 0,
            "med": 0,
            "max": 142.535
        },
        "http_req_waiting": {
            "med": 343.98,
            "max": 373.578,
            "p(90)": 367.8422,
            "p(95)": 372.0701,
            "avg": 344.2207674418604,
            "min": 317.333
        },
        "data_sent": {
            "count": 40665,
            "rate": 1345.3407045145484
        },
        "iteration_duration": {
            "max": 1782.456125,
            "p(90)": 1709.8436666,
            "p(95)": 1749.064175,
            "avg": 1601.3810281395342,
            "min": 1460.75925,
            "med": 1618.8495
        },
        "http_req_connecting": {
            "med": 0,
            "max": 48.741,
            "p(90)": 32.12320000000004,
            "p(95)": 44.730599999999995,
            "avg": 5.188069767441861,
            "min": 0
        },
        "http_req_blocked": {
            "avg": 16.52453488372092,
            "min": 0,
            "med": 0.001,
            "max": 193.793,
            "p(90)": 95.65960000000011,
            "p(95)": 130.6443
        },
        "http_req_duration{expected_response:true}": {
            "p(95)": 727.1933999999999,
            "avg": 581.3546511627908,
            "min": 454.976,
            "med": 610.625,
            "max": 766.519,
            "p(90)": 683.5674
        }
    }
}