{
    "root_group": {
        "path": "",
        "id": "d41d8cd98f00b204e9800998ecf8427e",
        "groups": {},
        "checks": {
                "listing recommended smoke returns 200": {
                    "name": "listing recommended smoke returns 200",
                    "path": "::listing recommended smoke returns 200",
                    "id": "492bb390658307cbeb1e7349b28a74af",
                    "passes": 42,
                    "fails": 0
                }
            },
        "name": ""
    },
    "metrics": {
        "iterations": {
            "count": 42,
            "rate": 1.3531832863563942
        },
        "data_sent": {
            "count": 25048,
            "rate": 807.0127370632134
        },
        "http_req_blocked": {
            "p(90)": 122.34170000000012,
            "p(95)": 144.36605,
            "avg": 17.62080952380951,
            "min": 0,
            "med": 0.001,
            "max": 170.933
        },
        "http_req_tls_handshaking": {
            "max": 111.973,
            "p(90)": 67.11300000000006,
            "p(95)": 82.91019999999999,
            "avg": 10.376476190476192,
            "min": 0,
            "med": 0
        },
        "http_req_failed": {
            "passes": 0,
            "fails": 42,
            "thresholds": {
                "rate<0.01": false
            },
            "value": 0
        },
        "iteration_duration": {
            "p(90)": 1795.2707959000002,
            "p(95)": 1847.7295517999999,
            "avg": 1629.3024454761903,
            "min": 1412.386625,
            "med": 1656.128521,
            "max": 1855.790584
        },
        "vus": {
            "value": 1,
            "min": 0,
            "max": 5
        },
        "http_req_duration{expected_response:true}": {
            "med": 655.6225,
            "max": 827.807,
            "p(90)": 762.3005,
            "p(95)": 793.67715,
            "avg": 610.5609285714288,
            "min": 411.613
        },
        "http_req_receiving": {
            "p(95)": 417.00669999999997,
            "avg": 239.3982619047619,
            "min": 62.976,
            "med": 289.9115,
            "max": 440.604,
            "p(90)": 395.6823
        },
        "data_received": {
            "count": 4584469,
            "rate": 147705.4006575955
        },
        "vus_max": {
            "value": 5,
            "min": 5,
            "max": 5
        },
        "checks": {
            "passes": 42,
            "fails": 0,
            "value": 1
        },
        "http_req_duration": {
            "avg": 610.5609285714288,
            "min": 411.613,
            "med": 655.6225,
            "max": 827.807,
            "p(90)": 762.3005,
            "p(95)": 793.67715,
            "thresholds": {
                "p(95)<2000": false
            }
        },
        "http_reqs": {
            "rate": 1.3531832863563942,
            "count": 42
        },
        "http_req_connecting": {
            "min": 0,
            "med": 0,
            "max": 62.6,
            "p(90)": 49.968900000000055,
            "p(95)": 61.06695,
            "avg": 7.125761904761904
        },
        "http_req_sending": {
            "avg": 0.1943809523809524,
            "min": 0.058,
            "med": 0.127,
            "max": 1.558,
            "p(90)": 0.26220000000000004,
            "p(95)": 0.3613499999999999
        },
        "http_req_waiting": {
            "avg": 370.9682857142857,
            "min": 334.026,
            "med": 360.148,
            "max": 514.511,
            "p(90)": 413.5539,
            "p(95)": 459.3714999999999
        }
    }
}