{
    "root_group": {
        "name": "",
        "path": "",
        "id": "d41d8cd98f00b204e9800998ecf8427e",
        "groups": {},
        "checks": {
                "listing newest smoke returns 200": {
                    "name": "listing newest smoke returns 200",
                    "path": "::listing newest smoke returns 200",
                    "id": "e911d3bbbbab639702d47ed4a31c6f15",
                    "passes": 38,
                    "fails": 0
                }
            }
    },
    "metrics": {
        "vus_max": {
            "value": 5,
            "min": 5,
            "max": 5
        },
        "data_received": {
            "count": 10684627,
            "rate": 340759.44840776065
        },
        "checks": {
            "fails": 0,
            "passes": 38,
            "value": 1
        },
        "http_req_duration{expected_response:true}": {
            "max": 5501.924,
            "p(90)": 831.5697,
            "p(95)": 878.6461499999998,
            "avg": 815.6713684210526,
            "min": 448.548,
            "med": 745.7745
        },
        "http_req_failed": {
            "passes": 0,
            "fails": 38,
            "thresholds": {
                "rate<0.01": false
            },
            "value": 0
        },
        "http_req_connecting": {
            "p(90)": 52.763600000000004,
            "p(95)": 76.40709999999999,
            "avg": 8.976684210526317,
            "min": 0,
            "med": 0,
            "max": 79.926
        },
        "iteration_duration": {
            "med": 1754.6550625,
            "max": 6667.297167,
            "p(90)": 1882.8660204999999,
            "p(95)": 1941.86827675,
            "avg": 1840.8699572368419,
            "min": 1451.171334
        },
        "http_req_tls_handshaking": {
            "med": 0,
            "max": 125.939,
            "p(90)": 105.3047,
            "p(95)": 107.63225,
            "avg": 14.634815789473686,
            "min": 0
        },
        "http_req_waiting": {
            "p(90)": 400.8677,
            "p(95)": 442.69899999999996,
            "avg": 364.9803947368422,
            "min": 317.584,
            "med": 349.953,
            "max": 592.821
        },
        "data_sent": {
            "count": 39510,
            "rate": 1260.0726077373242
        },
        "vus": {
            "value": 1,
            "min": 0,
            "max": 5
        },
        "http_req_receiving": {
            "p(95)": 489.51719999999983,
            "avg": 450.5313684210527,
            "min": 119.878,
            "med": 395.4675,
            "max": 4908.821,
            "p(90)": 467.54240000000004
        },
        "http_req_duration": {
            "p(90)": 831.5697,
            "p(95)": 878.6461499999998,
            "avg": 815.6713684210526,
            "min": 448.548,
            "med": 745.7745,
            "max": 5501.924,
            "thresholds": {
                "p(95)<900": false
            }
        },
        "http_req_blocked": {
            "max": 192.926,
            "p(90)": 168.1468,
            "p(95)": 181.95704999999998,
            "avg": 23.758421052631565,
            "min": 0,
            "med": 0.001
        },
        "http_reqs": {
            "count": 38,
            "rate": 1.2119149353079808
        },
        "iterations": {
            "count": 38,
            "rate": 1.2119149353079808
        },
        "http_req_sending": {
            "avg": 0.1596052631578947,
            "min": 0.022,
            "med": 0.1325,
            "max": 0.59,
            "p(90)": 0.29550000000000004,
            "p(95)": 0.36009999999999964
        }
    }
}