{
    "metrics": {
        "http_req_duration": {
            "avg": 598.7991395348838,
            "min": 460.611,
            "med": 622.644,
            "max": 791.556,
            "p(90)": 697.3314,
            "p(95)": 725.924,
            "thresholds": {
                "p(95)<1000": false
            }
        },
        "http_reqs": {
            "count": 43,
            "rate": 1.4089184670023431
        },
        "vus_max": {
            "value": 5,
            "min": 5,
            "max": 5
        },
        "vus": {
            "min": 0,
            "max": 5,
            "value": 1
        },
        "iterations": {
            "count": 43,
            "rate": 1.4089184670023431
        },
        "http_req_failed": {
            "passes": 0,
            "fails": 43,
            "thresholds": {
                "rate<0.01": false
            },
            "value": 0
        },
        "data_sent": {
            "count": 39901,
            "rate": 1307.3780407409417
        },
        "http_req_connecting": {
            "max": 51.028,
            "p(90)": 30.84320000000004,
            "p(95)": 42.0905,
            "avg": 5.206744186046512,
            "min": 0,
            "med": 0
        },
        "checks": {
            "passes": 43,
            "fails": 0,
            "value": 1
        },
        "http_req_duration{expected_response:true}": {
            "p(95)": 725.924,
            "avg": 598.7991395348838,
            "min": 460.611,
            "med": 622.644,
            "max": 791.556,
            "p(90)": 697.3314
        },
        "http_req_blocked": {
            "p(95)": 123.89119999999998,
            "avg": 15.738093023255807,
            "min": 0,
            "med": 0,
            "max": 178.715,
            "p(90)": 96.10180000000011
        },
        "iteration_duration": {
            "avg": 1616.1522267209298,
            "min": 1460.808791,
            "med": 1624.137542,
            "max": 1912.88725,
            "p(90)": 1762.0661248000001,
            "p(95)": 1778.2373378
        },
        "http_req_tls_handshaking": {
            "p(90)": 58.51200000000007,
            "p(95)": 81.1869,
            "avg": 9.858046511627908,
            "min": 0,
            "med": 0,
            "max": 99.218
        },
        "http_req_sending": {
            "p(90)": 0.19740000000000005,
            "p(95)": 0.22069999999999998,
            "avg": 0.09990697674418605,
            "min": 0.037,
            "med": 0.077,
            "max": 0.265
        },
        "data_received": {
            "count": 9762790,
            "rate": 319883.1423364141
        },
        "http_req_receiving": {
            "p(90)": 357.0134,
            "p(95)": 360.53200000000004,
            "avg": 250.93960465116277,
            "min": 114.914,
            "med": 286.064,
            "max": 389.529
        },
        "http_req_waiting": {
            "min": 307.937,
            "med": 340.597,
            "max": 465.91,
            "p(90)": 363.0984,
            "p(95)": 421.54200000000003,
            "avg": 347.75962790697673
        }
    },
    "root_group": {
        "name": "",
        "path": "",
        "id": "d41d8cd98f00b204e9800998ecf8427e",
        "groups": {},
        "checks": {
                "listing recommended smoke returns 200": {
                    "name": "listing recommended smoke returns 200",
                    "path": "::listing recommended smoke returns 200",
                    "id": "492bb390658307cbeb1e7349b28a74af",
                    "passes": 43,
                    "fails": 0
                }
            }
    }
}