{
    "metrics": {
        "iterations": {
            "rate": 1.2484935244962594,
            "count": 39
        },
        "http_req_waiting": {
            "p(95)": 449.3708,
            "avg": 371.3788717948719,
            "min": 330.339,
            "med": 364.188,
            "max": 478.705,
            "p(90)": 435.2542
        },
        "http_req_duration": {
            "p(90)": 793.2432,
            "p(95)": 843.6585999999999,
            "avg": 766.5378461538462,
            "min": 464.725,
            "med": 694.338,
            "max": 4912.907,
            "thresholds": {
                "p(95)<1000": false
            }
        },
        "http_req_tls_handshaking": {
            "avg": 19.08269230769231,
            "min": 0,
            "med": 0,
            "max": 300.463,
            "p(90)": 99.69680000000001,
            "p(95)": 108.39419999999996
        },
        "data_received": {
            "count": 10551161,
            "rate": 337770.6713953199
        },
        "http_req_blocked": {
            "max": 373.072,
            "p(90)": 157.7108,
            "p(95)": 169.25359999999998,
            "avg": 26.85787179487178,
            "min": 0,
            "med": 0.001
        },
        "http_req_receiving": {
            "p(90)": 445.1344,
            "p(95)": 470.31259999999986,
            "avg": 394.98023076923084,
            "min": 88.274,
            "med": 334.463,
            "max": 4461.168
        },
        "http_req_sending": {
            "min": 0.025,
            "med": 0.129,
            "max": 0.883,
            "p(90)": 0.30640000000000006,
            "p(95)": 0.4201999999999994,
            "avg": 0.17874358974358973
        },
        "vus": {
            "value": 1,
            "min": 0,
            "max": 5
        },
        "http_reqs": {
            "count": 39,
            "rate": 1.2484935244962594
        },
        "iteration_duration": {
            "min": 1465.244208,
            "med": 1705.526375,
            "max": 5914.001167,
            "p(90)": 1872.5700166,
            "p(95)": 2003.8923037999996,
            "avg": 1795.3722456410253
        },
        "vus_max": {
            "value": 5,
            "min": 5,
            "max": 5
        },
        "checks": {
            "passes": 39,
            "fails": 0,
            "value": 1
        },
        "http_req_failed": {
            "passes": 0,
            "fails": 39,
            "thresholds": {
                "rate<0.01": false
            },
            "value": 0
        },
        "data_sent": {
            "count": 39711,
            "rate": 1271.2545218274604
        },
        "http_req_connecting": {
            "min": 0,
            "med": 0,
            "max": 71.192,
            "p(90)": 49.25860000000001,
            "p(95)": 58.208299999999994,
            "avg": 7.57476923076923
        },
        "http_req_duration{expected_response:true}": {
            "max": 4912.907,
            "p(90)": 793.2432,
            "p(95)": 843.6585999999999,
            "avg": 766.5378461538462,
            "min": 464.725,
            "med": 694.338
        }
    },
    "root_group": {
        "groups": {},
        "checks": {
                "listing recommended smoke returns 200": {
                    "id": "492bb390658307cbeb1e7349b28a74af",
                    "passes": 39,
                    "fails": 0,
                    "name": "listing recommended smoke returns 200",
                    "path": "::listing recommended smoke returns 200"
                }
            },
        "name": "",
        "path": "",
        "id": "d41d8cd98f00b204e9800998ecf8427e"
    }
}