{
    "root_group": {
        "path": "",
        "id": "d41d8cd98f00b204e9800998ecf8427e",
        "groups": {},
        "checks": {
                "resource detail smoke returns 200": {
                    "name": "resource detail smoke returns 200",
                    "path": "::resource detail smoke returns 200",
                    "id": "3f54e5561b29c11a39df67f2bd3d5b5b",
                    "passes": 19,
                    "fails": 0
                }
            },
        "name": ""
    },
    "metrics": {
        "http_req_sending": {
            "p(90)": 0.25120000000000003,
            "p(95)": 0.37109999999999976,
            "avg": 0.1663684210526316,
            "min": 0.07,
            "med": 0.135,
            "max": 0.579
        },
        "vus": {
            "value": 1,
            "min": 0,
            "max": 5
        },
        "http_req_duration{expected_response:true}": {
            "avg": 2573.3023157894736,
            "min": 497.731,
            "med": 838.695,
            "max": 10510.872,
            "p(90)": 9311.5442,
            "p(95)": 9583.098899999999
        },
        "iterations": {
            "count": 19,
            "rate": 0.6269742884114066
        },
        "http_req_receiving": {
            "med": 457.816,
            "max": 10125.183,
            "p(90)": 8877.4288,
            "p(95)": 9020.3079,
            "avg": 2178.499210526316,
            "min": 130.668
        },
        "checks": {
            "passes": 19,
            "fails": 0,
            "value": 1
        },
        "vus_max": {
            "value": 5,
            "min": 5,
            "max": 5
        },
        "http_req_tls_handshaking": {
            "avg": 41.040736842105254,
            "min": 0,
            "med": 0,
            "max": 256.721,
            "p(90)": 146.69500000000002,
            "p(95)": 208.44319999999996
        },
        "data_sent": {
            "count": 24997,
            "rate": 824.8671730221016
        },
        "http_reqs": {
            "count": 19,
            "rate": 0.6269742884114066
        },
        "http_req_blocked": {
            "avg": 54.23705263157894,
            "min": 0,
            "med": 0.001,
            "max": 314.291,
            "p(90)": 205.3466,
            "p(95)": 242.20639999999995
        },
        "iteration_duration": {
            "p(95)": 10603.4692456,
            "avg": 3628.938649157895,
            "min": 1499.015,
            "med": 1935.195375,
            "max": 11710.180459,
            "p(90)": 10312.7543002
        },
        "http_req_duration": {
            "avg": 2573.3023157894736,
            "min": 497.731,
            "med": 838.695,
            "max": 10510.872,
            "p(90)": 9311.5442,
            "p(95)": 9583.098899999999,
            "thresholds": {
                "p(95)<900": true
            }
        },
        "http_req_waiting": {
            "max": 607.499,
            "p(90)": 420.7974000000001,
            "p(95)": 536.4853999999999,
            "avg": 394.63673684210534,
            "min": 338.085,
            "med": 376.644
        },
        "data_received": {
            "count": 5033900,
            "rate": 166111.8879175884
        },
        "http_req_connecting": {
            "avg": 12.960684210526315,
            "min": 0,
            "med": 0,
            "max": 65.249,
            "p(90)": 53.449200000000005,
            "p(95)": 58.21189999999999
        },
        "http_req_failed": {
            "passes": 0,
            "fails": 19,
            "thresholds": {
                "rate<0.01": false
            },
            "value": 0
        }
    }
}