{
    "root_group": {
        "name": "",
        "path": "",
        "id": "d41d8cd98f00b204e9800998ecf8427e",
        "groups": {},
        "checks": {
                "resources home smoke returns 200": {
                    "path": "::resources home smoke returns 200",
                    "id": "fa88176ce25330ad655e7f0f5ff2ea14",
                    "passes": 26,
                    "fails": 0,
                    "name": "resources home smoke returns 200"
                }
            }
    },
    "metrics": {
        "http_req_blocked": {
            "avg": 53.40726923076922,
            "min": 0,
            "med": 0,
            "max": 549.646,
            "p(90)": 230.56550000000001,
            "p(95)": 249.696
        },
        "http_req_connecting": {
            "avg": 11.370653846153846,
            "min": 0,
            "med": 0,
            "max": 87.002,
            "p(90)": 47.84150000000002,
            "p(95)": 75.85799999999998
        },
        "http_req_tls_handshaking": {
            "min": 0,
            "med": 0,
            "max": 301.517,
            "p(90)": 131.67700000000002,
            "p(95)": 203.41274999999993,
            "avg": 33.672999999999995
        },
        "http_req_sending": {
            "p(90)": 0.7350000000000003,
            "p(95)": 1.869249999999999,
            "avg": 2.4589230769230763,
            "min": 0.041,
            "med": 0.151,
            "max": 56.877
        },
        "vus_max": {
            "value": 5,
            "min": 5,
            "max": 5
        },
        "iteration_duration": {
            "p(90)": 5063.087812500004,
            "p(95)": 8322.210114249998,
            "avg": 2669.0022691923077,
            "min": 1475.038542,
            "med": 1829.971646,
            "max": 10886.74375
        },
        "http_reqs": {
            "count": 26,
            "rate": 0.8171885426520402
        },
        "http_req_duration": {
            "med": 812.1165,
            "max": 9885.631,
            "p(90)": 4061.8985000000025,
            "p(95)": 6844.2855,
            "avg": 1605.1261153846158,
            "min": 473.688,
            "thresholds": {
                "p(95)<900": true
            }
        },
        "http_req_waiting": {
            "p(95)": 466.44575,
            "avg": 391.7089999999999,
            "min": 332.144,
            "med": 360.9955,
            "max": 972.949,
            "p(90)": 440.0085
        },
        "http_req_failed": {
            "passes": 0,
            "fails": 26,
            "thresholds": {
                "rate<0.01": false
            },
            "value": 0
        },
        "data_sent": {
            "count": 31152,
            "rate": 979.1175954113983
        },
        "data_received": {
            "count": 7877838,
            "rate": 247603.03671034088
        },
        "checks": {
            "passes": 26,
            "fails": 0,
            "value": 1
        },
        "vus": {
            "value": 1,
            "min": 0,
            "max": 5
        },
        "iterations": {
            "count": 26,
            "rate": 0.8171885426520402
        },
        "http_req_receiving": {
            "min": 130.924,
            "med": 457.312,
            "max": 8912.577,
            "p(90)": 3692.8455000000026,
            "p(95)": 6479.5545,
            "avg": 1210.9581923076921
        },
        "http_req_duration{expected_response:true}": {
            "avg": 1605.1261153846158,
            "min": 473.688,
            "med": 812.1165,
            "max": 9885.631,
            "p(90)": 4061.8985000000025,
            "p(95)": 6844.2855
        }
    }
}