{
    "metrics": {
        "data_received": {
            "count": 12491073,
            "rate": 399656.01819382515
        },
        "http_req_receiving": {
            "p(90)": 374.4626,
            "p(95)": 386.00559999999996,
            "avg": 277.7453255813954,
            "min": 138.393,
            "med": 309.177,
            "max": 471.511
        },
        "iterations": {
            "count": 43,
            "rate": 1.3757992433744068
        },
        "http_req_tls_handshaking": {
            "avg": 8.429720930232559,
            "min": 0,
            "med": 0,
            "max": 80.886,
            "p(90)": 50.108000000000054,
            "p(95)": 72.58509999999998
        },
        "data_sent": {
            "count": 46606,
            "rate": 1491.1744078304093
        },
        "http_reqs": {
            "count": 43,
            "rate": 1.3757992433744068
        },
        "iteration_duration": {
            "avg": 1660.2362529302327,
            "min": 1474.688333,
            "med": 1656.972958,
            "max": 1997.393125,
            "p(90)": 1825.29735,
            "p(95)": 1970.9273002999998
        },
        "vus": {
            "value": 1,
            "min": 0,
            "max": 5
        },
        "checks": {
            "passes": 43,
            "fails": 0,
            "value": 1
        },
        "vus_max": {
            "value": 5,
            "min": 5,
            "max": 5
        },
        "http_req_sending": {
            "max": 2.185,
            "p(90)": 0.1818,
            "p(95)": 0.4337999999999995,
            "avg": 0.1745348837209302,
            "min": 0.028,
            "med": 0.068
        },
        "http_req_waiting": {
            "avg": 365.1377441860466,
            "min": 321.648,
            "med": 344.492,
            "max": 670.425,
            "p(90)": 390.3238,
            "p(95)": 446.5494999999999
        },
        "http_req_duration{expected_response:true}": {
            "p(95)": 820.5366999999999,
            "avg": 643.0576046511628,
            "min": 472.158,
            "med": 655.688,
            "max": 986.833,
            "p(90)": 774.0544
        },
        "http_req_connecting": {
            "avg": 4.918651162790697,
            "min": 0,
            "med": 0,
            "max": 43.566,
            "p(90)": 31.928000000000033,
            "p(95)": 43.264399999999995
        },
        "http_req_duration": {
            "avg": 643.0576046511628,
            "min": 472.158,
            "med": 655.688,
            "max": 986.833,
            "p(90)": 774.0544,
            "p(95)": 820.5366999999999,
            "thresholds": {
                "p(95)<900": false
            }
        },
        "http_req_failed": {
            "passes": 0,
            "fails": 43,
            "thresholds": {
                "rate<0.01": false
            },
            "value": 0
        },
        "http_req_blocked": {
            "avg": 15.62813953488371,
            "min": 0,
            "med": 0.001,
            "max": 216.878,
            "p(90)": 83.72580000000009,
            "p(95)": 120.36359999999996
        }
    },
    "root_group": {
        "groups": {},
        "checks": {
                "resources home smoke returns 200": {
                    "passes": 43,
                    "fails": 0,
                    "name": "resources home smoke returns 200",
                    "path": "::resources home smoke returns 200",
                    "id": "fa88176ce25330ad655e7f0f5ff2ea14"
                }
            },
        "name": "",
        "path": "",
        "id": "d41d8cd98f00b204e9800998ecf8427e"
    }
}