{
    "root_group": {
        "name": "",
        "path": "",
        "id": "d41d8cd98f00b204e9800998ecf8427e",
        "groups": {},
        "checks": {
                "resource detail smoke returns 200": {
                    "name": "resource detail smoke returns 200",
                    "path": "::resource detail smoke returns 200",
                    "id": "3f54e5561b29c11a39df67f2bd3d5b5b",
                    "passes": 43,
                    "fails": 0
                }
            }
    },
    "metrics": {
        "http_req_failed": {
            "passes": 0,
            "fails": 43,
            "thresholds": {
                "rate<0.01": false
            },
            "value": 0
        },
        "http_req_waiting": {
            "min": 315.919,
            "med": 349.688,
            "max": 452.66,
            "p(90)": 394.99440000000004,
            "p(95)": 425.4826999999999,
            "avg": 360.1101162790698
        },
        "http_req_receiving": {
            "p(90)": 361.48339999999996,
            "p(95)": 427.7617999999999,
            "avg": 242.08074418604647,
            "min": 115.914,
            "med": 243.927,
            "max": 463.233
        },
        "data_sent": {
            "count": 38495,
            "rate": 1238.764714574708
        },
        "http_req_blocked": {
            "avg": 16.903558139534876,
            "min": 0,
            "med": 0.001,
            "max": 204.197,
            "p(90)": 90.6816000000001,
            "p(95)": 125.08489999999999
        },
        "http_req_duration{expected_response:true}": {
            "avg": 602.338093023256,
            "min": 459.861,
            "med": 600.368,
            "max": 851.49,
            "p(90)": 704.4223999999999,
            "p(95)": 778.0701999999999
        },
        "http_req_tls_handshaking": {
            "max": 123.29,
            "p(90)": 54.53200000000007,
            "p(95)": 76.93099999999998,
            "avg": 10.52193023255814,
            "min": 0,
            "med": 0
        },
        "vus_max": {
            "value": 5,
            "min": 5,
            "max": 5
        },
        "http_req_connecting": {
            "avg": 6.319209302325581,
            "min": 0,
            "med": 0,
            "max": 80.724,
            "p(90)": 36.08000000000004,
            "p(95)": 48.055299999999995
        },
        "iteration_duration": {
            "avg": 1623.3329418837216,
            "min": 1461.356667,
            "med": 1629.95475,
            "max": 1868.730667,
            "p(90)": 1771.7356668,
            "p(95)": 1794.6164047
        },
        "http_req_duration": {
            "med": 600.368,
            "max": 851.49,
            "p(90)": 704.4223999999999,
            "p(95)": 778.0701999999999,
            "avg": 602.338093023256,
            "min": 459.861,
            "thresholds": {
                "p(95)<900": false
            }
        },
        "data_received": {
            "count": 10182601,
            "rate": 327674.94015828386
        },
        "iterations": {
            "count": 43,
            "rate": 1.3837351013563435
        },
        "http_reqs": {
            "count": 43,
            "rate": 1.3837351013563435
        },
        "vus": {
            "value": 1,
            "min": 0,
            "max": 5
        },
        "checks": {
            "passes": 43,
            "fails": 0,
            "value": 1
        },
        "http_req_sending": {
            "avg": 0.1472325581395349,
            "min": 0.046,
            "med": 0.107,
            "max": 1.018,
            "p(90)": 0.2142,
            "p(95)": 0.24869999999999998
        }
    }
}